{
    "Airplane.jpg": {
        "airplane": 0.9570605754852295,
        "Airplane": 0.9386466145515442
    },
    "Brobike.jpg": {
        "motorcycle": 0.9588467478752136,
        "Motorcycle": 0.8851667046546936,
        "Wheel": 0.7840601801872253
    },
    "cost.jpg": {
        "airplane": 0.716218113899231,
        "Airplane": 0.9098008871078491
    },
    "download (1).jpeg": {
        "motorcycle": 0.9580377340316772,
        "Motorcycle": 0.9193230867385864,
        "Wheel": 0.8351656794548035,
        "Tire": 0.7346871495246887
    },
    "download (2).jpeg": {
        "motorcycle": 0.9587173461914062,
        "Motorcycle": 0.895309329032898,
        "Wheel": 0.809445858001709
    },
    "download(2).jpeg": {
        "airplane": 0.9455265998840332,
        "Airplane": 0.9354744553565979
    },
    "download.jpeg": {
        "car": 0.9526915550231934,
        "Car": 0.9347299933433533
    },
    "hello.jpeg": {
        "chair": 0.9358534216880798,
        "dining table": 0.7997504472732544,
        "Chair": 0.8658129572868347
    },
    "images (1).jpeg": {
        "giraffe": 0.9481222033500671,
        "zebra": 0.9423348307609558,
        "Zebra": 0.8621644377708435
    },
    "images (2).jpeg": {
        "car": 0.9585652947425842,
        "Car": 0.9448458552360535
    },
    "images (3).jpeg": {
        "car": 0.9371935725212097,
        "Car": 0.9427219033241272
    },
    "images (5).jpeg": {
        "airplane": 0.9386633634567261,
        "Airplane": 0.9234407544136047
    },
    "selection_587-500x500.webp": {
        "carrot": 0.9601039886474609,
        "Carrot": 0.9567430019378662
    },
    "Test.jpg": {
        "chair": 0.9656139612197876,
        "Chair": 0.8928635716438293
    },
    "Test_Img (1).png": {
        "fire hydrant": 0.9658063054084778,
        "Fire hydrant": 0.9956434965133667
    },
    "Test_Img (1).webp": {
        "clock": 0.7329881191253662,
        "Wall clock": 0.7521211504936218
    },
    "Test_Img (10).jpeg": {
        "chair": 0.9354166388511658,
        "Chair": 0.8945879936218262
    },
    "Test_Img (10).jpg": {
        "apple": 0.8970358967781067
    },
    "Test_Img (11).jpeg": {
        "dog": 0.959433376789093,
        "Dog": 0.9539943933486938
    },
    "Test_Img (11).jpg": {
        "apple": 0.8332407474517822,
        "Apple": 0.8803470730781555
    },
    "Test_Img (12).jpeg": {
        "dog": 0.9486604928970337,
        "Dog": 0.953568160533905
    },
    "Test_Img (12).jpg": {
        "person": 0.8785961270332336
    },
    "Test_Img (13).jpeg": {},
    "Test_Img (13).jpg": {
        "remote": 0.8427999019622803
    },
    "Test_Img (14).jpeg": {
        "wine glass": 0.9599817991256714,
        "Wine glass": 0.924528956413269
    },
    "Test_Img (14).jpg": {},
    "Test_Img (15).jpeg": {
        "cup": 0.9724940061569214,
        "Saucer": 0.8638680577278137
    },
    "Test_Img (18).jpg": {
        "zebra": 0.9678480625152588,
        "Tiger": 0.9634572863578796
    },
    "Test_Img (2).jpeg": {
        "dog": 0.9358081817626953,
        "Dog": 0.9337233304977417
    },
    "Test_Img (2).jpg": {
        "couch": 0.9515543580055237,
        "potted plant": 0.8251848220825195
    },
    "Test_Img (2).png": {
        "fire hydrant": 0.9601502418518066,
        "Fire hydrant": 0.9944315552711487
    },
    "Test_Img (2).webp": {
        "toothbrush": 0.9466407895088196,
        "person": 0.9380420446395874,
        "Human face": 0.7795737981796265
    },
    "Test_Img (3).jpeg": {
        "wine glass": 0.955848753452301,
        "Wine glass": 0.8540118336677551
    },
    "Test_Img (3).jpg": {
        "clock": 0.9576411247253418,
        "Wall clock": 0.9758529663085938
    },
    "Test_Img (3).png": {
        "fire hydrant": 0.9727547764778137
    },
    "Test_Img (3).webp": {
        "scissors": 0.9645334482192993
    },
    "Test_Img (4).jpeg": {
        "cup": 0.9832748770713806,
        "Mug": 0.7709627151489258
    },
    "Test_Img (4).jpg": {
        "couch": 0.9523956775665283
    },
    "Test_Img (4).png": {
        "fire hydrant": 0.93556147813797
    },
    "Test_Img (4).webp": {
        "chair": 0.9428110718727112,
        "dining table": 0.8830226063728333,
        "Chair": 0.8435792922973633
    },
    "Test_Img (5).jpeg": {
        "cup": 0.9552140831947327,
        "Saucer": 0.7324631810188293
    },
    "Test_Img (5).jpg": {
        "airplane": 0.9424610137939453,
        "Airplane": 0.9182966947555542
    },
    "Test_Img (5).png": {
        "fire hydrant": 0.9668081998825073,
        "Fire hydrant": 0.9735780954360962
    },
    "Test_Img (5).webp": {
        "scissors": 0.9825612902641296
    },
    "Test_Img (6).jpeg": {
        "cup": 0.9595457315444946
    },
    "Test_Img (6).jpg": {
        "airplane": 0.948764443397522,
        "Airplane": 0.9402790069580078
    },
    "Test_Img (7).jpeg": {
        "cup": 0.9751501083374023
    },
    "Test_Img (7).jpg": {
        "airplane": 0.9135564565658569
    },
    "Test_Img (8).jpeg": {
        "pizza": 0.9496198296546936
    },
    "Test_Img (9).jpeg": {
        "chair": 0.9447507262229919,
        "Chair": 0.8150319457054138
    },
    "Zebra1.jpg": {
        "zebra": 0.9709630608558655,
        "Zebra": 0.9796568751335144
    }
}